timestamp,host,method,endpoint,status_code,response_time_ms,bytes_sent
2026-08-10 00:10:03,web-01,PUT,/api/payments,201,1726.7,42442
2026-08-10 00:11:56,web-02,POST,/home,404,1291.3,8586
2026-08-10 00:35:46,web-02,DELETE,/api/users,403,1025.9,8424
2026-08-10 00:50:29,web-02,PUT,/api/payments,502,2783.8,31049
2026-08-10 01:06:41,web-03,DELETE,/api/users,200,613.0,25470
2026-08-10 01:21:30,web-01,GET,/api/products,200,245.2,1365
2026-08-10 01:40:53,web-03,DELETE,/checkout,403,245.7,34731
2026-08-10 01:48:06,web-03,DELETE,/api/products,200,122.7,18607
2026-08-10 02:12:34,api-02,POST,/api/payments,201,230.2,9086
2026-08-10 02:14:55,web-01,POST,/api/login,400,1387.6,37360
2026-08-10 02:34:33,api-02,DELETE,/api/products,500,2054.7,23183
2026-08-10 02:50:48,web-01,POST,/dashboard,403,1378.8,3078
2026-08-10 02:55:20,web-02,GET,/dashboard,400,372.6,39711
2026-08-10 03:06:58,web-01,GET,/api/login,302,1776.0,12966
2026-08-10 03:15:57,web-02,GET,/api/login,200,654.7,12425
2026-08-10 03:24:15,web-01,DELETE,/api/payments,200,812.6,40738
2026-08-10 03:41:00,api-01,POST,/checkout,301,346.5,42018
2026-08-10 04:10:55,api-02,POST,/checkout,200,711.0,5838
2026-08-10 04:30:33,web-02,PUT,/api/products,200,929.7,25311
2026-08-10 04:56:11,web-02,DELETE,/api/login,301,183.6,43389
2026-08-10 05:20:26,web-02,PUT,/home,301,942.9,29413
2026-08-10 05:42:35,web-01,PUT,/api/users,500,1725.6,32750
2026-08-10 06:04:29,api-01,POST,/dashboard,301,234.7,16391
2026-08-10 06:20:51,web-03,PUT,/checkout,201,21.7,49722
2026-08-10 06:24:29,web-01,GET,/dashboard,200,439.2,4025
2026-08-10 06:36:32,web-02,POST,/checkout,302,502.9,32968
2026-08-10 06:38:17,web-01,DELETE,/api/payments,200,1348.9,21939
2026-08-10 08:16:31,web-02,POST,/checkout,200,1393.5,33473
2026-08-10 08:18:37,web-01,PUT,/api/login,401,1498.9,41694
2026-08-10 08:22:17,web-03,POST,/home,400,1455.5,22541
2026-08-10 08:35:09,web-02,PUT,/api/login,500,1366.7,25821
2026-08-10 08:52:11,web-03,DELETE,/dashboard,401,248.4,10150
2026-08-10 08:57:25,web-01,GET,/dashboard,302,1137.0,44429
2026-08-10 09:27:58,web-01,PUT,/api/payments,201,1294.2,44020
2026-08-10 09:54:53,api-02,PUT,/checkout,200,132.7,20599
2026-08-10 10:10:24,web-02,GET,/dashboard,200,1490.9,8313
2026-08-10 10:51:58,api-02,GET,/api/login,500,2334.2,23763
2026-08-10 10:58:49,web-02,PUT,/home,200,1103.3,44934
2026-08-10 11:07:35,web-03,DELETE,/checkout,200,515.9,3582
2026-08-10 12:04:36,api-01,POST,/api/login,404,42.7,513
2026-08-10 12:11:45,api-02,POST,/api/orders,201,1555.1,29938
2026-08-10 12:26:25,api-02,GET,/api/login,201,1629.9,48950
2026-08-10 12:45:15,web-01,DELETE,/dashboard,401,1039.7,26314
2026-08-10 12:48:20,web-03,PUT,/api/products,301,379.7,28147
2026-08-10 12:48:25,web-02,PUT,/api/login,500,1896.4,23524
2026-08-10 14:02:33,api-01,DELETE,/api/payments,200,433.0,27518
2026-08-10 14:30:42,web-03,PUT,/api/orders,200,1666.8,44451
2026-08-10 14:52:55,web-03,PUT,/api/payments,500,1065.0,1713
2026-08-10 15:29:24,api-02,PUT,/api/products,302,1056.7,38806
2026-08-10 15:52:40,api-02,POST,/api/orders,301,788.0,33280
2026-08-10 16:18:24,web-01,GET,/api/orders,502,2710.4,19032
2026-08-10 16:37:37,web-02,GET,/api/products,401,867.3,18958
2026-08-10 16:47:58,api-01,DELETE,/api/payments,400,571.7,9644
2026-08-10 17:21:29,web-03,POST,/api/users,302,1784.0,15841
2026-08-10 17:21:43,web-01,POST,/api/products,200,679.4,11849
2026-08-10 17:27:44,api-01,POST,/api/payments,200,789.6,41870
2026-08-10 18:16:46,web-01,GET,/checkout,500,3201.1,25419
2026-08-10 18:19:54,api-02,POST,/api/orders,201,1615.8,25402
2026-08-10 18:32:27,web-02,DELETE,/dashboard,301,517.9,16960
2026-08-10 19:18:43,api-02,PUT,/api/orders,500,1778.2,32829
2026-08-10 19:23:03,web-03,PUT,/api/login,500,996.6,37114
2026-08-10 19:24:38,web-03,POST,/api/login,403,1499.4,24258
2026-08-10 19:28:31,web-02,PUT,/api/payments,200,255.5,16163
2026-08-10 19:33:23,api-02,GET,/api/orders,400,1496.9,25887
2026-08-10 19:55:49,web-03,PUT,/home,200,412.1,48678
2026-08-10 20:09:22,web-01,GET,/home,200,1543.8,24016
2026-08-10 20:40:02,api-01,GET,/home,200,717.1,46863
2026-08-10 20:49:22,web-03,POST,/api/payments,200,1347.8,6368
2026-08-10 21:24:29,web-03,DELETE,/api/users,401,166.8,36485
2026-08-10 21:57:47,web-02,POST,/home,404,823.8,29397
2026-08-10 22:08:47,api-02,GET,/api/payments,200,999.4,2791
2026-08-10 22:30:51,web-02,POST,/api/users,403,947.1,10746
2026-08-10 22:36:36,api-02,DELETE,/api/users,500,3946.6,9995
2026-08-10 22:37:15,api-01,PUT,/api/login,400,798.3,17056
2026-08-10 22:49:53,api-02,GET,/home,200,150.9,34442
2026-08-10 22:56:06,web-03,GET,/api/login,500,1296.2,9263
2026-08-10 23:38:13,web-01,PUT,/home,200,15.4,10113
2026-08-10 23:53:16,api-01,DELETE,/dashboard,502,3251.8,18024
2026-08-11 00:10:30,api-01,GET,/api/users,301,1708.5,47894
2026-08-11 00:19:04,web-01,GET,/checkout,200,847.6,35185
2026-08-11 00:33:02,api-01,POST,/api/login,404,1607.5,30864
2026-08-11 00:34:29,web-03,GET,/home,404,1547.0,29890
2026-08-11 01:54:30,web-03,PUT,/home,201,81.0,1408
2026-08-11 02:14:57,api-01,POST,/api/payments,200,490.5,27186
2026-08-11 02:17:14,web-02,GET,/api/products,201,1174.7,12490
2026-08-11 02:31:10,api-01,POST,/checkout,404,600.2,24896
2026-08-11 02:32:49,api-02,DELETE,/api/payments,200,1251.9,29598
2026-08-11 02:38:32,web-01,PUT,/api/login,403,436.5,21141
2026-08-11 02:42:05,api-01,GET,/checkout,200,1147.5,17275
2026-08-11 02:52:33,web-03,PUT,/api/products,301,258.4,24400
2026-08-11 02:58:54,web-02,PUT,/dashboard,200,1065.1,16601
2026-08-11 02:59:37,web-02,PUT,/api/payments,200,484.9,21756
2026-08-11 03:24:57,web-03,GET,/dashboard,201,1786.5,33448
2026-08-11 03:32:49,web-02,POST,/api/orders,200,1453.5,19192
2026-08-11 03:38:55,web-03,DELETE,/home,502,3165.8,26417
2026-08-11 04:12:38,web-02,DELETE,/checkout,502,3706.1,11020
2026-08-11 04:38:50,web-03,POST,/api/payments,403,1773.7,40194
2026-08-11 05:01:36,api-02,GET,/dashboard,200,455.1,13514
2026-08-11 05:06:54,api-02,DELETE,/api/users,500,601.4,2030
2026-08-11 05:31:53,web-02,PUT,/api/products,302,601.5,15874
2026-08-11 05:42:22,web-03,GET,/api/products,200,1476.6,27003
2026-08-11 05:46:28,web-02,DELETE,/api/login,500,3992.7,39256
2026-08-11 05:53:11,api-02,PUT,/api/login,500,2401.1,1972
2026-08-11 05:53:13,api-01,POST,/checkout,502,3370.0,15326
2026-08-11 06:12:18,api-01,PUT,/checkout,502,2013.6,3428
2026-08-11 06:15:44,api-02,POST,/dashboard,200,122.4,37224
2026-08-11 06:20:21,api-02,PUT,/api/products,301,679.5,13237
2026-08-11 06:36:13,web-03,GET,/dashboard,500,3103.8,49192
2026-08-11 06:58:30,web-03,GET,/api/login,500,2752.1,24198
2026-08-11 07:32:27,web-01,PUT,/api/login,302,17.3,13440
2026-08-11 07:43:44,web-03,POST,/home,301,696.2,31306
2026-08-11 08:34:42,api-02,POST,/api/login,200,571.8,36596
2026-08-11 09:01:41,api-01,GET,/api/users,500,1971.9,44932
2026-08-11 10:01:00,api-01,POST,/home,301,1053.1,34392
2026-08-11 10:06:15,web-02,DELETE,/api/payments,401,119.3,30811
2026-08-11 10:22:13,api-02,PUT,/api/products,200,315.0,22956
2026-08-11 10:24:03,web-03,POST,/checkout,500,3982.2,10987
2026-08-11 10:39:09,api-02,POST,/checkout,201,1362.2,40657
2026-08-11 11:03:53,web-03,GET,/dashboard,502,3794.3,44569
2026-08-11 11:18:05,api-01,POST,/checkout,302,876.7,1488
2026-08-11 11:18:33,web-03,PUT,/api/products,500,2063.7,38300
2026-08-11 11:52:14,web-01,DELETE,/api/users,200,678.4,30571
2026-08-11 11:56:11,web-02,GET,/checkout,403,1513.6,22122
2026-08-11 12:10:44,api-01,PUT,/api/orders,200,535.3,17952
2026-08-11 12:18:03,api-01,DELETE,/api/users,400,913.9,11915
2026-08-11 12:38:16,api-02,GET,/checkout,201,649.0,32557
2026-08-11 12:41:43,api-01,GET,/api/products,404,710.8,47285
2026-08-11 13:25:50,web-02,GET,/api/users,301,501.1,40634
2026-08-11 13:27:23,web-03,POST,/api/orders,404,919.1,12171
2026-08-11 13:33:35,api-02,DELETE,/home,200,273.5,49676
2026-08-11 13:34:27,web-03,POST,/dashboard,200,583.5,28424
2026-08-11 14:04:22,web-02,GET,/api/orders,301,1605.9,45754
2026-08-11 14:09:58,web-03,POST,/home,401,1626.2,6442
2026-08-11 14:28:20,web-01,POST,/dashboard,403,89.4,1674
2026-08-11 14:44:30,api-02,POST,/api/products,302,1089.1,9725
2026-08-11 15:02:01,api-01,POST,/home,201,1502.3,37680
2026-08-11 15:21:23,web-03,GET,/api/payments,201,1040.1,23802
2026-08-11 15:23:11,web-02,DELETE,/checkout,302,281.6,33936
2026-08-11 16:06:52,api-02,POST,/api/payments,500,3104.7,3485
2026-08-11 16:19:07,api-02,POST,/api/login,200,946.2,15300
2026-08-11 16:37:19,api-02,POST,/api/products,401,1400.6,6154
2026-08-11 16:41:24,api-02,PUT,/api/users,201,1332.5,13254
2026-08-11 16:44:59,web-01,PUT,/dashboard,200,1016.6,49929
2026-08-11 16:53:42,web-02,DELETE,/api/payments,200,37.5,28808
2026-08-11 17:09:42,api-02,GET,/api/products,200,1325.0,8655
2026-08-11 17:19:16,web-02,POST,/api/payments,200,211.2,41915
2026-08-11 17:23:10,api-02,POST,/home,500,3621.8,41312
2026-08-11 17:38:52,api-02,PUT,/api/products,200,262.5,2013
2026-08-11 17:42:02,web-01,GET,/api/products,404,213.5,21076
2026-08-11 17:42:33,web-02,PUT,/dashboard,200,1642.9,14504
2026-08-11 17:50:37,web-01,POST,/api/orders,403,278.2,16842
2026-08-11 17:59:30,web-01,GET,/api/users,400,185.8,45761
2026-08-11 18:12:35,web-03,PUT,/api/orders,302,711.4,38812
2026-08-11 18:53:01,web-03,PUT,/dashboard,201,52.3,17023
2026-08-11 19:02:09,web-01,GET,/api/login,401,134.2,23006
2026-08-11 19:09:50,api-02,PUT,/checkout,404,1739.2,38595
2026-08-11 19:38:20,web-03,POST,/api/orders,403,1724.4,49387
2026-08-11 19:39:24,web-02,POST,/api/products,200,1040.3,34619
2026-08-11 19:39:51,api-02,PUT,/dashboard,401,1488.8,47852
2026-08-11 19:44:59,web-01,GET,/home,200,1482.2,31333
2026-08-11 20:08:53,web-03,DELETE,/api/login,302,1768.6,41536
2026-08-11 20:15:33,web-02,GET,/checkout,400,1733.7,10772
2026-08-11 20:40:20,api-02,GET,/checkout,302,1518.3,38617
2026-08-11 20:55:33,api-02,POST,/api/orders,403,1034.6,12512
2026-08-11 21:16:50,web-02,POST,/api/payments,500,2322.7,28703
2026-08-11 21:48:22,web-01,DELETE,/api/orders,500,2671.2,10703
2026-08-11 22:29:58,web-02,PUT,/checkout,502,2493.7,1516
2026-08-11 23:00:51,web-02,POST,/api/users,201,317.4,17672
2026-08-11 23:05:07,web-03,DELETE,/home,404,748.3,41186
2026-08-11 23:09:41,web-02,DELETE,/home,200,1481.0,6368
2026-08-11 23:09:44,api-02,PUT,/api/payments,200,468.7,31664
2026-08-11 23:10:26,web-03,PUT,/dashboard,200,684.3,25080
2026-08-11 23:10:44,api-02,PUT,/api/payments,201,523.4,14365
2026-08-11 23:15:16,api-01,DELETE,/api/users,201,315.1,4906
2026-08-12 00:00:39,web-02,POST,/api/products,302,1335.7,15059
2026-08-12 00:10:49,web-01,DELETE,/api/products,200,1113.4,3364
2026-08-12 00:11:24,web-02,PUT,/checkout,200,1061.8,41803
2026-08-12 00:16:40,api-02,PUT,/api/orders,200,1773.4,15178
2026-08-12 00:25:34,web-01,DELETE,/api/payments,302,1341.9,5765
2026-08-12 00:54:58,api-01,GET,/api/orders,302,1489.1,23219
2026-08-12 01:41:06,web-02,GET,/api/products,201,973.4,1183
2026-08-12 02:32:10,web-01,DELETE,/api/users,200,1105.5,32554
2026-08-12 02:40:23,web-03,POST,/api/login,200,209.2,32346
2026-08-12 03:08:01,api-01,GET,/api/orders,401,424.3,27038
2026-08-12 03:16:54,api-02,PUT,/api/orders,200,556.7,26445
2026-08-12 03:59:18,api-01,GET,/api/payments,301,1619.9,18279
2026-08-12 04:13:16,api-01,PUT,/api/orders,502,2046.9,33633
2026-08-12 04:25:44,api-02,POST,/api/payments,302,481.0,15092
2026-08-12 04:50:25,api-02,PUT,/dashboard,502,2310.3,9965
2026-08-12 05:15:26,api-02,GET,/api/products,200,168.4,27605
2026-08-12 05:17:03,web-02,GET,/checkout,404,1010.1,32843
2026-08-12 05:17:44,web-01,PUT,/api/payments,400,1270.1,25388
2026-08-12 05:19:32,web-03,DELETE,/api/products,201,791.8,27881
2026-08-12 05:24:16,web-02,PUT,/api/products,401,981.7,33144
2026-08-12 05:26:44,web-03,GET,/checkout,200,442.2,33831
2026-08-12 06:14:03,web-01,GET,/home,403,382.6,44790
2026-08-12 06:31:41,api-02,DELETE,/api/login,200,1736.6,32097
2026-08-12 06:46:27,web-03,GET,/api/users,200,594.3,22369
2026-08-12 06:47:32,web-02,PUT,/api/users,403,665.0,8250
2026-08-12 07:04:46,web-01,GET,/home,200,1009.9,46440
2026-08-12 07:15:40,api-02,DELETE,/api/payments,401,1260.2,1937
2026-08-12 07:59:49,web-03,GET,/api/payments,302,807.6,12272
2026-08-12 08:46:26,api-02,DELETE,/checkout,404,764.8,38382
2026-08-12 09:08:31,api-01,PUT,/api/orders,404,444.5,4992
2026-08-12 09:17:43,web-02,GET,/api/users,301,957.9,20598
2026-08-12 09:26:02,web-01,POST,/api/login,200,386.1,32776
2026-08-12 09:35:53,api-01,POST,/checkout,403,1355.8,25429
2026-08-12 09:40:56,api-02,PUT,/api/login,403,133.4,19958
2026-08-12 09:43:25,web-02,GET,/checkout,500,3458.0,4619
2026-08-12 10:00:01,api-01,POST,/api/products,200,1275.8,33990
2026-08-12 10:13:07,api-01,DELETE,/checkout,200,242.1,28065
2026-08-12 10:21:25,web-02,PUT,/dashboard,403,1450.8,21212
2026-08-12 10:26:21,api-01,GET,/dashboard,404,59.9,13708
2026-08-12 10:29:35,api-01,PUT,/api/orders,200,662.4,24229
2026-08-12 10:44:46,api-01,POST,/checkout,200,67.8,44739
2026-08-12 10:47:50,web-03,PUT,/api/users,200,1183.4,7928
2026-08-12 10:48:32,web-03,DELETE,/api/products,301,583.6,47526
2026-08-12 10:56:18,web-03,GET,/api/login,200,141.2,48754
2026-08-12 11:23:01,web-01,GET,/api/payments,401,987.1,10731
2026-08-12 11:56:56,web-01,POST,/checkout,200,258.7,46532
2026-08-12 13:20:34,web-03,GET,/api/payments,200,1204.0,11752
2026-08-12 13:57:35,web-02,PUT,/api/orders,404,113.7,46781
2026-08-12 14:02:13,web-01,POST,/api/orders,500,3547.7,11210
2026-08-12 14:30:47,api-02,POST,/home,404,1057.5,46808
2026-08-12 14:43:32,web-02,PUT,/api/login,302,1332.9,36398
2026-08-12 15:09:39,web-02,GET,/checkout,200,560.2,42635
2026-08-12 15:26:07,web-01,PUT,/home,301,1451.7,16046
2026-08-12 15:40:26,web-02,PUT,/api/products,302,1126.4,5298
2026-08-12 15:53:37,api-01,POST,/api/login,502,908.5,42463
2026-08-12 15:59:30,web-02,POST,/api/products,200,288.7,38098
2026-08-12 16:01:38,web-01,POST,/api/products,200,93.5,38669
2026-08-12 16:03:42,web-01,GET,/api/payments,200,146.7,17135
2026-08-12 16:04:39,web-01,DELETE,/api/payments,301,1327.7,7359
2026-08-12 16:27:07,web-03,DELETE,/home,404,1261.4,28272
2026-08-12 16:32:38,api-01,GET,/home,400,870.7,14504
2026-08-12 17:01:02,api-02,GET,/api/login,200,449.7,6005
2026-08-12 17:07:56,web-03,PUT,/api/orders,200,197.4,31007
2026-08-12 17:08:57,web-01,POST,/api/users,401,1051.7,27487
2026-08-12 17:17:41,web-02,PUT,/api/products,500,1276.0,2731
2026-08-12 17:24:25,api-02,PUT,/home,200,1152.9,46711
2026-08-12 17:39:40,api-02,POST,/checkout,400,102.4,36251
2026-08-12 17:51:10,api-02,GET,/api/orders,400,596.2,33331
2026-08-12 18:06:15,api-01,PUT,/checkout,404,1265.7,27697
2026-08-12 18:44:31,api-01,GET,/dashboard,200,1275.9,6095
2026-08-12 18:57:04,api-02,GET,/api/users,502,719.2,26295
2026-08-12 19:03:41,api-01,POST,/dashboard,403,1121.5,4132
2026-08-12 19:04:36,web-03,GET,/home,200,123.1,42844
2026-08-12 19:06:22,web-03,GET,/api/products,302,1358.9,16407
2026-08-12 19:07:27,web-02,POST,/home,200,999.5,42186
2026-08-12 19:07:36,api-02,POST,/api/orders,502,3443.0,19453
2026-08-12 19:40:17,api-01,DELETE,/api/orders,401,370.7,5826
2026-08-12 19:44:13,web-02,PUT,/checkout,200,1714.2,32690
2026-08-12 20:07:20,web-03,DELETE,/dashboard,301,576.1,22187
2026-08-12 21:12:41,web-03,POST,/dashboard,200,22.7,36241
2026-08-12 21:29:05,web-01,POST,/api/orders,502,3150.8,13634
2026-08-12 21:32:47,web-01,PUT,/api/login,301,410.6,3917
2026-08-12 22:35:55,api-01,POST,/api/products,201,1098.3,44611
2026-08-12 22:37:17,api-01,GET,/api/users,200,1672.8,25438
2026-08-12 22:49:29,api-02,POST,/checkout,502,1479.4,6564
2026-08-12 22:50:36,api-01,POST,/api/products,200,935.0,29365
2026-08-12 22:56:57,api-02,DELETE,/home,502,3430.1,5089
2026-08-12 23:07:12,web-02,PUT,/home,301,1656.4,42438
2026-08-12 23:25:24,api-01,DELETE,/home,404,37.3,38135
2026-08-13 00:06:23,web-03,DELETE,/checkout,403,1764.6,7937
2026-08-13 00:09:34,web-03,POST,/api/products,200,1108.2,46583
2026-08-13 01:21:43,api-01,PUT,/home,502,1945.2,28803
2026-08-13 01:56:48,web-02,PUT,/api/products,400,259.8,8170
2026-08-13 02:06:53,web-02,PUT,/dashboard,301,122.9,22299
2026-08-13 02:23:18,web-02,DELETE,/home,502,3412.9,34710
2026-08-13 02:33:20,api-01,POST,/api/users,200,1680.9,27836
2026-08-13 03:31:47,web-01,PUT,/api/payments,500,668.4,37299
2026-08-13 03:39:04,api-02,GET,/api/orders,200,380.3,37258
2026-08-13 03:40:00,api-01,GET,/api/users,301,517.9,42089
2026-08-13 03:51:56,web-02,POST,/dashboard,301,1207.8,9396
2026-08-13 04:14:28,api-02,GET,/api/payments,502,1140.9,457
2026-08-13 04:31:19,web-02,GET,/checkout,500,2658.8,25062
2026-08-13 04:38:57,web-02,GET,/api/payments,200,197.7,31314
2026-08-13 05:17:59,web-03,DELETE,/api/products,401,832.8,35669
2026-08-13 05:18:09,web-01,DELETE,/api/orders,401,226.4,27662
2026-08-13 05:26:14,api-01,PUT,/api/payments,403,1663.3,23896
2026-08-13 06:09:02,web-01,PUT,/home,200,1575.7,40443
2026-08-13 06:11:16,web-03,POST,/dashboard,403,687.9,15400
2026-08-13 06:24:54,web-03,DELETE,/home,200,626.1,10091
2026-08-13 06:52:33,api-02,POST,/api/products,200,1208.8,30481
2026-08-13 07:16:09,web-02,POST,/api/payments,502,825.9,24668
2026-08-13 07:33:46,web-03,DELETE,/api/products,404,705.2,36151
2026-08-13 07:46:37,web-02,POST,/api/orders,200,625.4,6169
2026-08-13 07:48:53,api-01,GET,/dashboard,200,1435.6,43717
2026-08-13 07:50:50,web-02,DELETE,/api/users,502,3477.3,17725
2026-08-13 08:07:10,web-02,GET,/api/login,302,1256.3,27055
2026-08-13 08:09:21,web-02,DELETE,/api/users,502,2074.9,9348
2026-08-13 08:39:32,web-02,DELETE,/api/products,400,521.2,15743
2026-08-13 08:49:27,api-01,DELETE,/api/products,200,671.7,14386
2026-08-13 08:51:14,api-02,GET,/checkout,401,1139.2,26037
2026-08-13 09:02:33,web-01,PUT,/api/payments,502,3217.7,36919
2026-08-13 09:04:12,web-02,PUT,/dashboard,200,980.1,37615
2026-08-13 10:18:49,web-02,POST,/home,200,214.7,40961
2026-08-13 10:28:41,api-02,GET,/api/payments,403,947.0,7988
2026-08-13 11:05:56,api-01,PUT,/api/orders,201,117.7,45302
2026-08-13 11:24:23,web-01,GET,/dashboard,404,146.1,29004
2026-08-13 12:20:47,api-01,PUT,/api/products,200,459.0,40089
2026-08-13 12:20:51,web-02,POST,/api/users,400,1162.2,45850
2026-08-13 12:24:32,api-02,PUT,/api/users,400,918.5,13429
2026-08-13 12:27:12,api-01,GET,/api/orders,201,861.3,43725
2026-08-13 12:49:34,web-01,GET,/api/products,200,1185.9,16585
2026-08-13 13:08:54,api-01,POST,/dashboard,302,1237.4,39638
2026-08-13 13:10:14,web-02,DELETE,/checkout,302,1577.4,31944
2026-08-13 13:19:06,web-01,DELETE,/dashboard,403,282.1,18504
2026-08-13 13:19:41,api-02,PUT,/api/orders,200,232.0,9175
2026-08-13 14:29:15,api-02,POST,/api/payments,502,1943.5,6887
2026-08-13 14:44:09,web-01,GET,/api/products,200,863.2,30722
2026-08-13 14:50:37,web-01,POST,/home,404,1146.0,41178
2026-08-13 14:57:01,api-02,GET,/dashboard,200,1401.8,22387
2026-08-13 15:31:48,web-01,GET,/api/orders,502,3357.3,37914
2026-08-13 15:50:12,web-01,PUT,/home,500,1940.0,382
2026-08-13 16:16:30,api-02,POST,/checkout,400,922.1,31528
2026-08-13 16:33:30,api-02,DELETE,/api/login,401,567.2,19878
2026-08-13 16:34:32,web-01,POST,/api/products,200,1400.7,22904
2026-08-13 16:38:46,web-01,DELETE,/api/login,404,1217.6,45362
2026-08-13 16:51:07,web-02,POST,/api/payments,302,1640.1,3897
2026-08-13 17:12:16,web-01,GET,/home,200,1027.3,20105
2026-08-13 17:36:51,web-02,PUT,/api/orders,301,1704.3,27985
2026-08-13 18:17:11,web-03,POST,/home,301,621.9,3094
2026-08-13 18:31:21,api-01,POST,/api/users,502,537.2,32302
2026-08-13 18:47:58,web-03,GET,/api/orders,201,232.2,1095
2026-08-13 19:06:44,api-01,DELETE,/api/users,200,250.7,15093
2026-08-13 19:09:45,web-01,DELETE,/home,302,1522.3,49036
2026-08-13 19:12:03,api-02,POST,/api/payments,201,20.9,4794
2026-08-13 19:14:12,web-03,DELETE,/api/orders,200,140.6,34569
2026-08-13 19:31:25,web-02,PUT,/api/products,200,132.3,48219
2026-08-13 19:33:38,web-01,GET,/api/users,200,818.0,25474
2026-08-13 20:13:05,web-01,GET,/home,404,1123.4,44662
2026-08-13 20:22:30,api-01,GET,/api/products,200,1772.6,29076
2026-08-13 21:11:27,web-03,GET,/api/products,301,598.2,49307
2026-08-13 21:15:14,web-02,DELETE,/api/products,400,341.6,14495
2026-08-13 21:51:32,web-02,DELETE,/dashboard,200,1696.4,28653
2026-08-13 22:15:02,api-01,GET,/checkout,200,1206.2,24462
2026-08-13 22:53:11,web-03,POST,/home,400,123.3,17814
2026-08-13 23:01:21,api-02,DELETE,/home,201,1201.0,25013
2026-08-13 23:03:46,web-02,GET,/api/orders,403,1321.8,7381
2026-08-13 23:41:47,web-01,GET,/api/login,200,1661.0,20760
2026-08-13 23:52:29,api-01,DELETE,/dashboard,401,564.4,14302
2026-08-13 23:54:12,web-02,GET,/api/payments,403,340.5,18676
2026-08-14 00:53:29,web-03,DELETE,/api/users,302,762.6,44498
2026-08-14 01:04:14,web-02,DELETE,/dashboard,200,219.3,19162
2026-08-14 01:27:02,web-01,POST,/api/login,302,1745.9,29935
2026-08-14 01:35:43,api-02,PUT,/home,200,1504.2,43153
2026-08-14 01:49:52,web-03,DELETE,/api/users,200,1459.5,23087
2026-08-14 02:01:49,api-02,POST,/api/payments,502,1162.5,46254
2026-08-14 02:20:31,web-03,POST,/api/payments,200,983.8,34067
2026-08-14 02:21:14,web-02,PUT,/api/orders,500,3496.9,49987
2026-08-14 02:47:14,web-03,POST,/checkout,200,378.1,32681
2026-08-14 03:15:48,api-01,DELETE,/checkout,500,992.5,22741
2026-08-14 03:25:43,api-01,POST,/api/login,200,329.5,15401
2026-08-14 03:27:13,web-02,GET,/home,200,252.6,23839
2026-08-14 03:47:36,api-01,DELETE,/api/payments,301,87.7,44517
2026-08-14 03:52:01,api-02,PUT,/checkout,404,1672.5,14421
2026-08-14 03:55:31,web-02,GET,/api/users,403,1364.8,10604
2026-08-14 03:59:56,api-02,GET,/dashboard,201,572.8,39529
2026-08-14 04:28:19,web-03,DELETE,/api/login,401,532.5,33728
2026-08-14 04:33:37,api-02,GET,/api/payments,502,3831.6,44802
2026-08-14 04:59:21,web-02,PUT,/api/payments,200,268.1,39764
2026-08-14 05:10:03,web-02,POST,/api/users,200,1198.0,7340
2026-08-14 06:25:13,api-02,PUT,/home,200,1088.0,20424
2026-08-14 06:33:23,api-01,PUT,/dashboard,404,346.8,376
2026-08-14 06:37:21,web-03,GET,/home,200,904.5,44401
2026-08-14 06:42:37,api-01,POST,/api/users,401,1656.3,12850
2026-08-14 06:47:59,web-02,GET,/api/products,201,987.6,8575
2026-08-14 07:01:59,web-02,DELETE,/api/orders,200,1154.2,43812
2026-08-14 07:19:48,api-01,DELETE,/home,200,713.9,34793
2026-08-14 07:20:01,web-02,GET,/api/login,201,104.9,13423
2026-08-14 07:27:13,web-03,DELETE,/checkout,403,868.0,20549
2026-08-14 07:38:12,web-02,POST,/api/orders,200,1602.4,48096
2026-08-14 08:27:13,web-02,GET,/api/login,200,153.8,40744
2026-08-14 08:27:49,api-01,GET,/api/users,401,627.0,48834
2026-08-14 08:50:10,web-03,PUT,/api/users,200,1659.4,38430
2026-08-14 09:13:00,api-01,DELETE,/api/products,201,1712.4,33284
2026-08-14 09:15:38,web-03,PUT,/dashboard,301,873.1,42625
2026-08-14 09:17:14,web-03,GET,/home,403,1541.8,33707
2026-08-14 09:18:12,web-03,PUT,/api/users,302,954.1,39221
2026-08-14 09:33:23,web-02,POST,/api/login,200,284.8,30697
2026-08-14 10:11:01,api-02,PUT,/home,201,504.7,26393
2026-08-14 10:45:45,api-02,POST,/api/payments,200,1683.3,7165
2026-08-14 10:47:36,web-03,DELETE,/checkout,200,210.1,7203
2026-08-14 11:15:59,web-03,GET,/api/payments,400,1366.6,9669
2026-08-14 11:22:10,api-02,PUT,/api/payments,200,1472.5,23363
2026-08-14 11:28:04,web-03,PUT,/dashboard,301,1045.6,23809
2026-08-14 11:30:50,api-01,GET,/api/products,302,1266.6,38697
2026-08-14 11:37:45,web-03,DELETE,/api/products,201,877.5,44035
2026-08-14 11:44:43,api-01,DELETE,/dashboard,200,870.0,45006
2026-08-14 12:43:42,api-01,POST,/home,404,708.9,27756
2026-08-14 12:58:26,api-02,GET,/api/orders,500,3078.8,16727
2026-08-14 13:05:44,api-01,POST,/api/products,404,339.0,8340
2026-08-14 13:10:36,api-01,DELETE,/dashboard,500,2334.6,24898
2026-08-14 13:44:40,web-02,PUT,/api/login,200,1756.4,31836
2026-08-14 14:24:45,api-02,PUT,/api/orders,500,3459.1,34173
2026-08-14 15:04:21,web-02,GET,/api/login,200,767.5,6793
2026-08-14 15:13:08,api-02,PUT,/checkout,401,762.9,8790
2026-08-14 15:39:14,api-01,GET,/dashboard,200,843.3,4263
2026-08-14 15:40:29,web-01,DELETE,/api/orders,404,598.1,6435
2026-08-14 16:20:59,web-02,DELETE,/checkout,500,505.9,17438
2026-08-14 16:41:22,api-01,DELETE,/api/payments,200,40.2,25571
2026-08-14 17:01:07,web-02,POST,/api/login,400,1120.1,8086
2026-08-14 17:02:13,api-02,GET,/dashboard,200,99.3,2935
2026-08-14 17:15:05,api-02,GET,/home,502,2263.7,24963
2026-08-14 17:28:05,api-01,GET,/checkout,200,1718.0,32627
2026-08-14 17:35:31,api-01,POST,/api/payments,302,206.1,8618
2026-08-14 17:51:24,web-02,PUT,/api/orders,403,830.4,13633
2026-08-14 17:54:35,web-03,DELETE,/checkout,200,115.2,37052
2026-08-14 18:16:09,api-02,PUT,/checkout,201,123.2,42860
2026-08-14 18:18:25,web-02,POST,/dashboard,502,2370.8,40145
2026-08-14 18:39:56,web-01,POST,/api/users,403,69.2,18585
2026-08-14 19:04:07,web-03,DELETE,/checkout,200,1251.2,22762
2026-08-14 20:02:17,web-02,DELETE,/api/users,401,480.1,10613
2026-08-14 20:11:55,api-02,DELETE,/dashboard,302,718.5,31757
2026-08-14 20:25:11,web-03,DELETE,/home,404,1271.3,30515
2026-08-14 21:06:43,web-02,PUT,/api/payments,200,582.7,31816
2026-08-14 21:18:00,web-03,PUT,/api/products,404,553.7,31627
2026-08-14 21:27:01,api-01,GET,/api/users,500,2265.6,9760
2026-08-14 21:27:19,web-02,DELETE,/api/users,200,994.4,8784
2026-08-14 21:51:03,web-01,PUT,/api/products,500,3147.5,15321
2026-08-14 22:38:25,web-02,PUT,/dashboard,400,1793.1,50000
2026-08-14 22:41:57,api-01,GET,/api/users,401,276.7,44775
2026-08-14 23:00:23,web-01,GET,/api/orders,500,3085.6,17332
2026-08-15 00:10:29,api-02,PUT,/api/login,401,307.2,41980
2026-08-15 00:19:03,web-02,GET,/checkout,200,537.9,15963
2026-08-15 01:33:30,web-03,POST,/api/products,201,793.7,20883
2026-08-15 02:00:59,web-03,POST,/home,200,206.4,41370
2026-08-15 02:12:15,api-01,GET,/api/products,500,541.0,48690
2026-08-15 02:12:24,web-03,PUT,/api/payments,200,209.5,5327
2026-08-15 02:14:53,web-02,DELETE,/api/products,401,456.0,27188
2026-08-15 02:23:50,web-01,DELETE,/api/users,502,2751.0,43492
2026-08-15 02:39:41,web-01,GET,/api/payments,301,590.8,15527
2026-08-15 04:28:37,web-02,PUT,/home,400,557.1,39688
2026-08-15 04:35:08,api-01,DELETE,/api/products,502,881.7,10317
2026-08-15 05:39:56,web-01,POST,/api/users,400,1257.2,32811
2026-08-15 05:54:09,api-01,GET,/home,302,1639.7,31435
2026-08-15 06:13:47,web-03,POST,/api/payments,200,1667.8,25436
2026-08-15 06:38:02,web-01,POST,/home,201,234.6,32548
2026-08-15 06:46:52,api-02,PUT,/api/products,500,1525.7,30310
2026-08-15 07:02:59,web-02,DELETE,/api/orders,301,1428.5,15800
2026-08-15 07:06:18,api-02,GET,/dashboard,400,1251.4,19078
2026-08-15 07:06:45,web-02,GET,/checkout,502,1695.3,23966
2026-08-15 08:08:17,web-03,DELETE,/api/login,200,165.8,25161
2026-08-15 08:34:14,web-02,DELETE,/api/users,200,1580.2,15462
2026-08-15 08:39:07,web-02,DELETE,/checkout,500,1953.5,23712
2026-08-15 08:40:52,web-03,GET,/api/orders,200,602.7,12357
2026-08-15 08:41:50,web-03,DELETE,/dashboard,200,1557.7,24040
2026-08-15 09:46:51,api-02,GET,/checkout,200,897.6,14165
2026-08-15 09:47:53,web-01,GET,/home,201,1023.4,32793
2026-08-15 10:00:19,web-03,DELETE,/api/payments,200,309.7,226
2026-08-15 10:11:45,web-02,GET,/api/products,200,1477.2,47860
2026-08-15 10:44:16,api-01,DELETE,/home,200,21.4,32423
2026-08-15 10:44:29,web-03,GET,/api/login,404,493.5,46363
2026-08-15 11:00:58,api-01,PUT,/api/products,302,1100.6,14129
2026-08-15 11:18:34,web-02,DELETE,/api/orders,200,740.1,24102
2026-08-15 11:39:16,web-02,DELETE,/checkout,200,806.0,37121
2026-08-15 11:52:03,web-02,DELETE,/api/products,400,308.8,39495
2026-08-15 12:15:54,web-01,GET,/checkout,401,403.9,47137
2026-08-15 12:46:55,web-01,GET,/api/products,200,752.5,34164
2026-08-15 12:51:26,api-01,GET,/api/payments,200,418.3,7099
2026-08-15 12:55:10,api-02,POST,/home,302,86.4,10817
2026-08-15 13:01:37,api-02,POST,/api/orders,200,1681.2,27127
2026-08-15 13:07:22,web-01,PUT,/api/login,502,1582.7,46739
2026-08-15 13:20:31,api-01,PUT,/checkout,200,1328.6,48723
2026-08-15 13:31:15,api-01,GET,/api/login,400,731.9,18408
2026-08-15 14:08:29,api-01,GET,/api/products,400,770.0,48091
2026-08-15 14:40:50,web-01,POST,/checkout,403,646.0,30862
2026-08-15 14:43:28,web-02,GET,/dashboard,201,756.9,10829
2026-08-15 15:13:00,web-03,GET,/home,200,281.6,40573
2026-08-15 15:17:16,web-02,PUT,/api/login,500,600.6,2929
2026-08-15 15:21:23,web-01,POST,/api/payments,404,1018.3,15010
2026-08-15 15:27:18,web-03,GET,/api/users,301,1388.1,39653
2026-08-15 15:43:17,web-02,DELETE,/api/orders,401,249.5,19441
2026-08-15 15:46:05,web-03,PUT,/api/products,201,810.6,44250
2026-08-15 16:04:19,web-03,POST,/dashboard,404,1144.4,24083
2026-08-15 16:21:06,api-01,GET,/checkout,400,151.5,33401
2026-08-15 16:53:14,api-02,POST,/dashboard,400,393.4,8673
2026-08-15 17:08:49,web-03,PUT,/home,401,1629.7,3282
2026-08-15 17:18:45,web-03,GET,/checkout,404,1003.5,28777
2026-08-15 17:24:46,api-02,POST,/dashboard,201,414.1,39591
2026-08-15 17:50:38,api-01,POST,/checkout,200,619.8,12044
2026-08-15 17:58:56,web-02,GET,/dashboard,200,1757.6,3252
2026-08-15 18:03:30,api-01,POST,/api/login,302,932.1,8221
2026-08-15 18:10:24,api-02,POST,/dashboard,200,395.1,39267
2026-08-15 18:55:23,api-01,PUT,/dashboard,400,251.9,32741
2026-08-15 19:44:22,web-01,DELETE,/api/payments,401,105.6,1434
2026-08-15 20:09:27,web-01,POST,/dashboard,200,1771.1,19998
2026-08-15 20:59:27,api-01,PUT,/dashboard,200,1651.1,14009
2026-08-15 21:04:56,api-02,GET,/api/orders,301,1290.5,21235
2026-08-15 21:12:32,api-02,DELETE,/home,301,304.7,15833
2026-08-15 21:22:02,web-02,GET,/home,404,1511.2,7915
2026-08-15 21:30:48,web-01,GET,/checkout,201,85.7,12098
2026-08-15 21:37:54,web-01,POST,/api/payments,201,1280.3,18913
2026-08-15 21:38:54,api-02,PUT,/api/products,200,1738.7,20486
2026-08-15 22:29:37,web-01,PUT,/api/login,200,1185.8,19527
2026-08-15 22:45:15,api-02,PUT,/api/orders,404,887.6,28658
2026-08-15 22:45:36,api-01,GET,/api/orders,201,1129.9,13853
2026-08-15 23:04:41,web-02,PUT,/api/products,500,3051.0,9356
2026-08-15 23:55:21,web-03,PUT,/dashboard,200,572.6,37327
